{"params": {"a1": 1.8475208614068024, "a2": 2.1908902300206647, "a3": 5.813776739000453}, "params_max": {"a1": 1.8475208614068024, "a2": 2.1908902300206647, "a3": 5.8137767390004536}, "params_min": {"a1": 1.8475208614068024, "a2": 2.1908902300206647, "a3": 5.813776739000453}}