{"params": {"a1": 1.3856406460551018, "a2": 1.0954451150103324, "a3": 4.583942765010523}, "params_max": {"a1": 1.3856406460551018, "a2": 1.0954451150103324, "a3": 4.583942765010524}, "params_min": {"a1": 1.3856406460551018, "a2": 1.0954451150103324, "a3": 4.583942765010523}}