{"params": {"a1": 2.0784609690826525, "a2": 1.8257418583505536, "a3": 6.2906881148255795}, "params_max": {"a1": 2.0784609690826525, "a2": 1.8257418583505536, "a3": 6.29068811482558}, "params_min": {"a1": 2.0784609690826525, "a2": 1.8257418583505536, "a3": 6.2906881148255795}}