{"params": {"a1": 2.309401076758503, "a2": 3.286335345030997, "a3": 6.680253082051747}, "params_max": {"a1": 2.309401076758503, "a2": 3.286335345030997, "a3": 6.680253082051748}, "params_min": {"a1": 2.309401076758503, "a2": 3.286335345030997, "a3": 6.680253082051747}}