{"params": {"a1": 2.0784609690826525, "a2": 0.3651483716701107, "a3": 5.422560433880287}, "params_max": {"a1": 2.0784609690826525, "a2": 0.3651483716701107, "a3": 5.422560433880287}, "params_min": {"a1": 2.0784609690826525, "a2": 0.3651483716701107, "a3": 5.422560433880286}}