{"params": {"a1": 0.6928203230275509, "a2": 3.651483716701108, "a3": 1.73734729858257}, "params_max": {"a1": 0.6928203230275509, "a2": 3.651483716701108, "a3": 1.7373472985825702}, "params_min": {"a1": 0.6928203230275509, "a2": 3.651483716701108, "a3": 1.73734729858257}}