{"params": {"a1": 1.8475208614068024, "a2": 1.460593486680443, "a3": 5.735486595765201}, "params_max": {"a1": 1.8475208614068024, "a2": 1.460593486680443, "a3": 5.735486595765201}, "params_min": {"a1": 1.8475208614068024, "a2": 1.460593486680443, "a3": 5.7354865957652}}