{"params": {"a1": 2.0784609690826525, "a2": 3.651483716701108, "a3": 5.1429870559701545}, "params_max": {"a1": 2.0784609690826525, "a2": 3.651483716701108, "a3": 5.1429870559701545}, "params_min": {"a1": 2.0784609690826525, "a2": 3.651483716701108, "a3": 5.142987055970154}}