{"params": {"a1": 1.3856406460551018, "a2": 1.460593486680443, "a3": 4.639841053312065}, "params_max": {"a1": 1.3856406460551018, "a2": 1.460593486680443, "a3": 4.6398410533120655}, "params_min": {"a1": 1.3856406460551018, "a2": 1.460593486680443, "a3": 4.639841053312065}}