{"params": {"a1": 1.1547005383792517, "a2": 2.1908902300206647, "a3": 3.799568633642221}, "params_max": {"a1": 1.1547005383792517, "a2": 2.1908902300206647, "a3": 3.7995686336422216}, "params_min": {"a1": 1.1547005383792517, "a2": 2.1908902300206647, "a3": 3.799568633642221}}