{"params": {"a1": 1.3856406460551018, "a2": 0.0, "a3": 4.583953001750409}, "params_max": {"a1": 1.3856406460551018, "a2": 0.0, "a3": 4.583953001750409}, "params_min": {"a1": 1.3856406460551018, "a2": 0.0, "a3": 4.583953001750408}}