{"params": {"a1": 1.616580753730952, "a2": 1.460593486680443, "a3": 5.49467273533905}, "params_max": {"a1": 1.616580753730952, "a2": 1.460593486680443, "a3": 5.49467273533905}, "params_min": {"a1": 1.616580753730952, "a2": 1.460593486680443, "a3": 5.494672735339049}}