{"params": {"a1": 1.3856406460551018, "a2": 2.921186973360886, "a3": 3.0745932558141513}, "params_max": {"a1": 1.3856406460551018, "a2": 2.921186973360886, "a3": 3.0745932558141518}, "params_min": {"a1": 1.3856406460551018, "a2": 2.921186973360886, "a3": 3.0745932558141513}}