{"params": {"a1": 2.309401076758503, "a2": 0.3651483716701107, "a3": 6.73078934894354}, "params_max": {"a1": 2.309401076758503, "a2": 0.3651483716701107, "a3": 6.730789348943541}, "params_min": {"a1": 2.309401076758503, "a2": 0.3651483716701107, "a3": 6.73078934894354}}