{"params": {"a1": 1.616580753730952, "a2": 2.5560386016907755, "a3": 5.324636871421376}, "params_max": {"a1": 1.616580753730952, "a2": 2.5560386016907755, "a3": 5.324636871421376}, "params_min": {"a1": 1.616580753730952, "a2": 2.5560386016907755, "a3": 5.324636871421375}}