{"params": {"a1": 1.3856406460551018, "a2": 2.1908902300206647, "a3": 4.486111379858851}, "params_max": {"a1": 1.3856406460551018, "a2": 2.1908902300206647, "a3": 4.486111379858851}, "params_min": {"a1": 1.3856406460551018, "a2": 2.1908902300206647, "a3": 4.48611137985885}}