{"params": {"a1": 0.0, "a2": 0.7302967433402215, "a3": 2.697256997859122}, "params_max": {"a1": 0.0, "a2": 0.7302967433402215, "a3": 2.6972569978591223}, "params_min": {"a1": 0.0, "a2": 0.7302967433402215, "a3": 2.697256997859122}}