{"params": {"a1": 1.8475208614068024, "a2": 3.286335345030997, "a3": 4.919349550499538}, "params_max": {"a1": 1.8475208614068024, "a2": 3.286335345030997, "a3": 4.919349550499538}, "params_min": {"a1": 1.8475208614068024, "a2": 3.286335345030997, "a3": 4.919349550499537}}