{"params": {"a1": 0.4618802153517006, "a2": 3.286335345030997, "a3": 2.6832611011859893}, "params_max": {"a1": 0.4618802153517006, "a2": 3.286335345030997, "a3": 2.6832611011859893}, "params_min": {"a1": 0.4618802153517006, "a2": 3.286335345030997, "a3": 2.683261101185989}}