{"params": {"a1": 1.616580753730952, "a2": 0.0, "a3": 5.0585322229015155}, "params_max": {"a1": 1.616580753730952, "a2": 0.0, "a3": 5.058532222901516}, "params_min": {"a1": 1.616580753730952, "a2": 0.0, "a3": 5.0585322229015155}}