{"params": {"a1": 0.9237604307034012, "a2": 1.0954451150103324, "a3": 3.606533077772122}, "params_max": {"a1": 0.9237604307034012, "a2": 1.0954451150103324, "a3": 3.6065330777721223}, "params_min": {"a1": 0.9237604307034012, "a2": 1.0954451150103324, "a3": 3.606533077772122}}