{"params": {"a1": 1.1547005383792517, "a2": 1.0954451150103324, "a3": 4.024936010290961}, "params_max": {"a1": 1.1547005383792517, "a2": 1.0954451150103324, "a3": 4.024936010290961}, "params_min": {"a1": 1.1547005383792517, "a2": 1.0954451150103324, "a3": 4.02493601029096}}