{"params": {"a1": 1.3856406460551018, "a2": 0.3651483716701107, "a3": 4.601408621620783}, "params_max": {"a1": 1.3856406460551018, "a2": 0.3651483716701107, "a3": 4.6014086216207835}, "params_min": {"a1": 1.3856406460551018, "a2": 0.3651483716701107, "a3": 4.601408621620783}}