{"params": {"a1": 0.2309401076758503, "a2": 2.1908902300206647, "a3": 2.292635437380568}, "params_max": {"a1": 0.2309401076758503, "a2": 2.1908902300206647, "a3": 2.292635437380568}, "params_min": {"a1": 0.2309401076758503, "a2": 2.1908902300206647, "a3": 2.2926354373805675}}