{"params": {"a1": 1.8475208614068024, "a2": 0.7302967433402215, "a3": 5.366563145999496}, "params_max": {"a1": 1.8475208614068024, "a2": 0.7302967433402215, "a3": 5.366563145999497}, "params_min": {"a1": 1.8475208614068024, "a2": 0.7302967433402215, "a3": 5.366563145999496}}