{"params": {"a1": 2.309401076758503, "a2": 2.1908902300206647, "a3": 7.634473471378621}, "params_max": {"a1": 2.309401076758503, "a2": 2.1908902300206647, "a3": 7.634473471378621}, "params_min": {"a1": 2.309401076758503, "a2": 2.1908902300206647, "a3": 7.63447347137862}}