{"params": {"a1": 1.1547005383792517, "a2": 3.651483716701108, "a3": 1.732952682562337}, "params_max": {"a1": 1.1547005383792517, "a2": 3.651483716701108, "a3": 1.7329526825623371}, "params_min": {"a1": 1.1547005383792517, "a2": 3.651483716701108, "a3": 1.732952682562337}}