{"params": {"a1": 0.9237604307034012, "a2": 3.651483716701108, "a3": 1.3416407866039992}, "params_max": {"a1": 0.9237604307034012, "a2": 3.651483716701108, "a3": 1.3416407866039994}, "params_min": {"a1": 0.9237604307034012, "a2": 3.651483716701108, "a3": 1.3416407866039992}}