{"params": {"a1": 2.309401076758503, "a2": 1.460593486680443, "a3": 6.84790358958975}, "params_max": {"a1": 2.309401076758503, "a2": 1.460593486680443, "a3": 6.84790358958975}, "params_min": {"a1": 2.309401076758503, "a2": 1.460593486680443, "a3": 6.847903589589749}}