{"params": {"a1": 0.2309401076758503, "a2": 0.7302967433402215, "a3": 2.750349473978364}, "params_max": {"a1": 0.2309401076758503, "a2": 0.7302967433402215, "a3": 2.7503494739783645}, "params_min": {"a1": 0.2309401076758503, "a2": 0.7302967433402215, "a3": 2.750349473978364}}