{"params": {"a1": 1.1547005383792517, "a2": 0.0, "a3": 3.577735633255222}, "params_max": {"a1": 1.1547005383792517, "a2": 0.0, "a3": 3.5777356332552226}, "params_min": {"a1": 1.1547005383792517, "a2": 0.0, "a3": 3.577735633255222}}