{"params": {"a1": 1.3856406460551018, "a2": 2.5560386016907755, "a3": 4.136725758374611}, "params_max": {"a1": 1.3856406460551018, "a2": 2.5560386016907755, "a3": 4.136725758374611}, "params_min": {"a1": 1.3856406460551018, "a2": 2.5560386016907755, "a3": 4.13672575837461}}