{"params": {"a1": 0.2309401076758503, "a2": 0.3651483716701107, "a3": 2.807345096500236}, "params_max": {"a1": 0.2309401076758503, "a2": 0.3651483716701107, "a3": 2.8073450965002364}, "params_min": {"a1": 0.2309401076758503, "a2": 0.3651483716701107, "a3": 2.807345096500236}}