{"params": {"a1": 2.309401076758503, "a2": 3.651483716701108, "a3": 6.206726382662625}, "params_max": {"a1": 2.309401076758503, "a2": 3.651483716701108, "a3": 6.206726382662626}, "params_min": {"a1": 2.309401076758503, "a2": 3.651483716701108, "a3": 6.206726382662625}}