{"params": {"a1": 0.4618802153517006, "a2": 1.0954451150103324, "a3": 2.9068883707497273}, "params_max": {"a1": 0.4618802153517006, "a2": 1.0954451150103324, "a3": 2.9068883707497273}, "params_min": {"a1": 0.4618802153517006, "a2": 1.0954451150103324, "a3": 2.906888370749727}}