{"params": {"a1": 0.4618802153517006, "a2": 2.5560386016907755, "a3": 2.23606797749979}, "params_max": {"a1": 0.4618802153517006, "a2": 2.5560386016907755, "a3": 2.23606797749979}, "params_min": {"a1": 0.4618802153517006, "a2": 2.5560386016907755, "a3": 2.2360679774997894}}