{"params": {"a1": 1.8475208614068024, "a2": 0.3651483716701107, "a3": 5.609275263938294}, "params_max": {"a1": 1.8475208614068024, "a2": 0.3651483716701107, "a3": 5.609275263938294}, "params_min": {"a1": 1.8475208614068024, "a2": 0.3651483716701107, "a3": 5.609275263938293}}