{"params": {"a1": 1.8475208614068024, "a2": 2.5560386016907755, "a3": 6.233046737714705}, "params_max": {"a1": 1.8475208614068024, "a2": 2.5560386016907755, "a3": 6.233046737714705}, "params_min": {"a1": 1.8475208614068024, "a2": 2.5560386016907755, "a3": 6.233046737714704}}