{"params": {"a1": 0.0, "a2": 1.0954451150103324, "a3": 3.348696860045445}, "params_max": {"a1": 0.0, "a2": 1.0954451150103324, "a3": 3.3486968600454454}, "params_min": {"a1": 0.0, "a2": 1.0954451150103324, "a3": 3.348696860045445}}