{"params": {"a1": 2.309401076758503, "a2": 0.7302967433402215, "a3": 6.2854473305041285}, "params_max": {"a1": 2.309401076758503, "a2": 0.7302967433402215, "a3": 6.285447330504129}, "params_min": {"a1": 2.309401076758503, "a2": 0.7302967433402215, "a3": 6.2854473305041285}}