{"params": {"a1": 1.616580753730952, "a2": 0.7302967433402215, "a3": 5.0620994846834435}, "params_max": {"a1": 1.616580753730952, "a2": 0.7302967433402215, "a3": 5.062099484683444}, "params_min": {"a1": 1.616580753730952, "a2": 0.7302967433402215, "a3": 5.0620994846834435}}