{"params": {"a1": 0.0, "a2": 0.0, "a3": 3.5642861939143193}, "params_max": {"a1": 0.0, "a2": 0.0, "a3": 3.5642861939143193}, "params_min": {"a1": 0.0, "a2": 0.0, "a3": 3.564286193914319}}