{"params": {"a1": 0.9237604307034012, "a2": 0.0, "a3": 3.577708763999664}, "params_max": {"a1": 0.9237604307034012, "a2": 0.0, "a3": 3.5777087639996643}, "params_min": {"a1": 0.9237604307034012, "a2": 0.0, "a3": 3.577708763999664}}