{"params": {"a1": 1.616580753730952, "a2": 1.0954451150103324, "a3": 5.142957201033505}, "params_max": {"a1": 1.616580753730952, "a2": 1.0954451150103324, "a3": 5.142957201033506}, "params_min": {"a1": 1.616580753730952, "a2": 1.0954451150103324, "a3": 5.142957201033505}}