{"params": {"a1": 0.0, "a2": 1.460593486680443, "a3": 3.573630966869418}, "params_max": {"a1": 0.0, "a2": 1.460593486680443, "a3": 3.5736309668694184}, "params_min": {"a1": 0.0, "a2": 1.460593486680443, "a3": 3.573630966869418}}