{"params": {"a1": 2.0784609690826525, "a2": 2.921186973360886, "a3": 5.478366544874508}, "params_max": {"a1": 2.0784609690826525, "a2": 2.921186973360886, "a3": 5.4783665448745085}, "params_min": {"a1": 2.0784609690826525, "a2": 2.921186973360886, "a3": 5.478366544874508}}