{"params": {"a1": 2.309401076758503, "a2": 1.8257418583505536, "a3": 6.351230092048414}, "params_max": {"a1": 2.309401076758503, "a2": 1.8257418583505536, "a3": 6.351230092048414}, "params_min": {"a1": 2.309401076758503, "a2": 1.8257418583505536, "a3": 6.3512300920484135}}