{"params": {"a1": 0.4618802153517006, "a2": 2.1908902300206647, "a3": 2.627379875228254}, "params_max": {"a1": 0.4618802153517006, "a2": 2.1908902300206647, "a3": 2.627379875228254}, "params_min": {"a1": 0.4618802153517006, "a2": 2.1908902300206647, "a3": 2.6273798752282533}}