{"params": {"a1": 0.2309401076758503, "a2": 3.286335345030997, "a3": 1.7329253868106589}, "params_max": {"a1": 0.2309401076758503, "a2": 3.286335345030997, "a3": 1.7329253868106589}, "params_min": {"a1": 0.2309401076758503, "a2": 3.286335345030997, "a3": 1.732925386810659}}