{"params": {"a1": 0.6928203230275509, "a2": 1.8257418583505536, "a3": 3.56373504512477}, "params_max": {"a1": 0.6928203230275509, "a2": 1.8257418583505536, "a3": 3.5637350451247705}, "params_min": {"a1": 0.6928203230275509, "a2": 1.8257418583505536, "a3": 3.56373504512477}}