{"params": {"a1": 0.2309401076758503, "a2": 0.0, "a3": 3.109847207930276}, "params_max": {"a1": 0.2309401076758503, "a2": 0.0, "a3": 3.109847207930276}, "params_min": {"a1": 0.2309401076758503, "a2": 0.0, "a3": 3.1098472079302755}}