{"params": {"a1": 0.2309401076758503, "a2": 1.0954451150103324, "a3": 3.3988268979191885}, "params_max": {"a1": 0.2309401076758503, "a2": 1.0954451150103324, "a3": 3.398826897919189}, "params_min": {"a1": 0.2309401076758503, "a2": 1.0954451150103324, "a3": 3.3988268979191885}}