{"params": {"a1": 2.309401076758503, "a2": 0.0, "a3": 6.931863573257447}, "params_max": {"a1": 2.309401076758503, "a2": 0.0, "a3": 6.931863573257448}, "params_min": {"a1": 2.309401076758503, "a2": 0.0, "a3": 6.931863573257447}}