{"params": {"a1": 1.8475208614068024, "a2": 0.0, "a3": 5.598656173605331}, "params_max": {"a1": 1.8475208614068024, "a2": 0.0, "a3": 5.598656173605332}, "params_min": {"a1": 1.8475208614068024, "a2": 0.0, "a3": 5.598656173605331}}