{"params": {"a1": 0.9237604307034012, "a2": 3.286335345030997, "a3": 2.683281572999748}, "params_max": {"a1": 0.9237604307034012, "a2": 3.286335345030997, "a3": 2.683281572999748}, "params_min": {"a1": 0.9237604307034012, "a2": 3.286335345030997, "a3": 2.6832815729997477}}