{"params": {"a1": 1.616580753730952, "a2": 2.1908902300206647, "a3": 5.450524878162453}, "params_max": {"a1": 1.616580753730952, "a2": 2.1908902300206647, "a3": 5.450524878162453}, "params_min": {"a1": 1.616580753730952, "a2": 2.1908902300206647, "a3": 5.450524878162452}}