{"params": {"a1": 0.6928203230275509, "a2": 0.3651483716701107, "a3": 3.4961734085027096}, "params_max": {"a1": 0.6928203230275509, "a2": 0.3651483716701107, "a3": 3.49617340850271}, "params_min": {"a1": 0.6928203230275509, "a2": 0.3651483716701107, "a3": 3.4961734085027096}}