{"params": {"a1": 0.6928203230275509, "a2": 2.1908902300206647, "a3": 1.7897278460535304}, "params_max": {"a1": 0.6928203230275509, "a2": 2.1908902300206647, "a3": 1.7897278460535304}, "params_min": {"a1": 0.6928203230275509, "a2": 2.1908902300206647, "a3": 1.7897278460535302}}