{"params": {"a1": 0.4618802153517006, "a2": 1.460593486680443, "a3": 3.5756325604325347}, "params_max": {"a1": 0.4618802153517006, "a2": 1.460593486680443, "a3": 3.5756325604325347}, "params_min": {"a1": 0.4618802153517006, "a2": 1.460593486680443, "a3": 3.5756325604325343}}