{"params": {"a1": 0.4618802153517006, "a2": 3.651483716701108, "a3": 0.8218210246553512}, "params_max": {"a1": 0.4618802153517006, "a2": 3.651483716701108, "a3": 0.8218210246553511}, "params_min": {"a1": 0.4618802153517006, "a2": 3.651483716701108, "a3": 0.8218210246553512}}