{"params": {"a1": 1.8475208614068024, "a2": 2.921186973360886, "a3": 6.037383539301496}, "params_max": {"a1": 1.8475208614068024, "a2": 2.921186973360886, "a3": 6.037383539301496}, "params_min": {"a1": 1.8475208614068024, "a2": 2.921186973360886, "a3": 6.037383539301495}}