{"params": {"a1": 1.616580753730952, "a2": 2.921186973360886, "a3": 4.5839326365606805}, "params_max": {"a1": 1.616580753730952, "a2": 2.921186973360886, "a3": 4.5839326365606805}, "params_min": {"a1": 1.616580753730952, "a2": 2.921186973360886, "a3": 4.58393263656068}}