{"params": {"a1": 1.1547005383792517, "a2": 1.8257418583505536, "a3": 3.647585675048675}, "params_max": {"a1": 1.1547005383792517, "a2": 1.8257418583505536, "a3": 3.647585675048675}, "params_min": {"a1": 1.1547005383792517, "a2": 1.8257418583505536, "a3": 3.6475856750486746}}