{"params": {"a1": 0.9237604307034012, "a2": 0.3651483716701107, "a3": 3.9368305798410397}, "params_max": {"a1": 0.9237604307034012, "a2": 0.3651483716701107, "a3": 3.9368305798410397}, "params_min": {"a1": 0.9237604307034012, "a2": 0.3651483716701107, "a3": 3.9368305798410392}}