{"params": {"a1": 0.0, "a2": 2.1908902300206647, "a3": 0.10145841561938937}, "params_max": {"a1": 0.0, "a2": 2.1908902300206647, "a3": 0.10145841561938937}, "params_min": {"a1": 0.0, "a2": 2.1908902300206647, "a3": 0.10145841561938936}}