{"params": {"a1": 1.8475208614068024, "a2": 3.651483716701108, "a3": 3.1863968679372006}, "params_max": {"a1": 1.8475208614068024, "a2": 3.651483716701108, "a3": 3.186396867937201}, "params_min": {"a1": 1.8475208614068024, "a2": 3.651483716701108, "a3": 3.1863968679372006}}