{"params": {"a1": 2.0784609690826525, "a2": 3.286335345030997, "a3": 5.433819878131979}, "params_max": {"a1": 2.0784609690826525, "a2": 3.286335345030997, "a3": 5.43381987813198}, "params_min": {"a1": 2.0784609690826525, "a2": 3.286335345030997, "a3": 5.433819878131979}}