{"params": {"a1": 1.1547005383792517, "a2": 0.3651483716701107, "a3": 4.382472237802206}, "params_max": {"a1": 1.1547005383792517, "a2": 0.3651483716701107, "a3": 4.382472237802206}, "params_min": {"a1": 1.1547005383792517, "a2": 0.3651483716701107, "a3": 4.382472237802205}}