{"params": {"a1": 1.1547005383792517, "a2": 2.921186973360886, "a3": 2.346997925649072}, "params_max": {"a1": 1.1547005383792517, "a2": 2.921186973360886, "a3": 2.3469979256490725}, "params_min": {"a1": 1.1547005383792517, "a2": 2.921186973360886, "a3": 2.346997925649072}}