{"params": {"a1": 2.0784609690826525, "a2": 1.0954451150103324, "a3": 6.2612206449172145}, "params_max": {"a1": 2.0784609690826525, "a2": 1.0954451150103324, "a3": 6.261220644917215}, "params_min": {"a1": 2.0784609690826525, "a2": 1.0954451150103324, "a3": 6.2612206449172145}}