{"params": {"a1": 1.1547005383792517, "a2": 1.460593486680443, "a3": 3.6336241113129972}, "params_max": {"a1": 1.1547005383792517, "a2": 1.460593486680443, "a3": 3.6336241113129977}, "params_min": {"a1": 1.1547005383792517, "a2": 1.460593486680443, "a3": 3.6336241113129972}}