{"params": {"a1": 0.6928203230275509, "a2": 0.7302967433402215, "a3": 3.2081445448324493}, "params_max": {"a1": 0.6928203230275509, "a2": 0.7302967433402215, "a3": 3.2081445448324497}, "params_min": {"a1": 0.6928203230275509, "a2": 0.7302967433402215, "a3": 3.2081445448324493}}