{"params": {"a1": 0.9237604307034012, "a2": 2.1908902300206647, "a3": 3.5358370809248996}, "params_max": {"a1": 0.9237604307034012, "a2": 2.1908902300206647, "a3": 3.5358370809248996}, "params_min": {"a1": 0.9237604307034012, "a2": 2.1908902300206647, "a3": 3.535837080924899}}