{"params": {"a1": 0.6928203230275509, "a2": 2.921186973360886, "a3": 1.9705348785286976}, "params_max": {"a1": 0.6928203230275509, "a2": 2.921186973360886, "a3": 1.9705348785286978}, "params_min": {"a1": 0.6928203230275509, "a2": 2.921186973360886, "a3": 1.9705348785286976}}