{"params": {"a1": 0.6928203230275509, "a2": 1.460593486680443, "a3": 2.683288396989731}, "params_max": {"a1": 0.6928203230275509, "a2": 1.460593486680443, "a3": 2.683288396989731}, "params_min": {"a1": 0.6928203230275509, "a2": 1.460593486680443, "a3": 2.6832883969897305}}