{"params": {"a1": 0.4618802153517006, "a2": 0.3651483716701107, "a3": 2.8184509883004383}, "params_max": {"a1": 0.4618802153517006, "a2": 0.3651483716701107, "a3": 2.8184509883004383}, "params_min": {"a1": 0.4618802153517006, "a2": 0.3651483716701107, "a3": 2.818450988300438}}