{"params": {"a1": 1.616580753730952, "a2": 3.651483716701108, "a3": 2.0159550359386236}, "params_max": {"a1": 1.616580753730952, "a2": 3.651483716701108, "a3": 2.0159550359386236}, "params_min": {"a1": 1.616580753730952, "a2": 3.651483716701108, "a3": 2.015955035938623}}