{"params": {"a1": 0.9237604307034012, "a2": 1.8257418583505536, "a3": 3.813550859115506}, "params_max": {"a1": 0.9237604307034012, "a2": 1.8257418583505536, "a3": 3.8135508591155065}, "params_min": {"a1": 0.9237604307034012, "a2": 1.8257418583505536, "a3": 3.813550859115506}}