{"params": {"a1": 0.9237604307034012, "a2": 2.5560386016907755, "a3": 2.186307822188322}, "params_max": {"a1": 0.9237604307034012, "a2": 2.5560386016907755, "a3": 2.1863078221883225}, "params_min": {"a1": 0.9237604307034012, "a2": 2.5560386016907755, "a3": 2.186307822188322}}