{"params": {"a1": 2.0784609690826525, "a2": 2.1908902300206647, "a3": 6.6545863147531055}, "params_max": {"a1": 2.0784609690826525, "a2": 2.1908902300206647, "a3": 6.6545863147531055}, "params_min": {"a1": 2.0784609690826525, "a2": 2.1908902300206647, "a3": 6.654586314753105}}