{"params": {"a1": 1.8475208614068024, "a2": 1.8257418583505536, "a3": 5.37007704758404}, "params_max": {"a1": 1.8475208614068024, "a2": 1.8257418583505536, "a3": 5.370077047584041}, "params_min": {"a1": 1.8475208614068024, "a2": 1.8257418583505536, "a3": 5.37007704758404}}