{"params": {"a1": 0.9237604307034012, "a2": 1.460593486680443, "a3": 4.440465458748221}, "params_max": {"a1": 0.9237604307034012, "a2": 1.460593486680443, "a3": 4.440465458748222}, "params_min": {"a1": 0.9237604307034012, "a2": 1.460593486680443, "a3": 4.440465458748221}}