{"params": {"a1": 1.1547005383792517, "a2": 3.286335345030997, "a3": 1.0556530169433804}, "params_max": {"a1": 1.1547005383792517, "a2": 3.286335345030997, "a3": 1.0556530169433804}, "params_min": {"a1": 1.1547005383792517, "a2": 3.286335345030997, "a3": 1.0556530169433802}}