{"params": {"a1": 1.3856406460551018, "a2": 1.8257418583505536, "a3": 4.69574275274956}, "params_max": {"a1": 1.3856406460551018, "a2": 1.8257418583505536, "a3": 4.69574275274956}, "params_min": {"a1": 1.3856406460551018, "a2": 1.8257418583505536, "a3": 4.695742752749559}}