{"params": {"a1": 0.6928203230275509, "a2": 1.0954451150103324, "a3": 3.1308775222712644}, "params_max": {"a1": 0.6928203230275509, "a2": 1.0954451150103324, "a3": 3.1308775222712644}, "params_min": {"a1": 0.6928203230275509, "a2": 1.0954451150103324, "a3": 3.130877522271264}}