{"params": {"a1": 0.0, "a2": 0.3651483716701107, "a3": 3.5701622350040374}, "params_max": {"a1": 0.0, "a2": 0.3651483716701107, "a3": 3.570162235004038}, "params_min": {"a1": 0.0, "a2": 0.3651483716701107, "a3": 3.5701622350040374}}