{"params": {"a1": 1.3856406460551018, "a2": 0.7302967433402215, "a3": 4.632791925441101}, "params_max": {"a1": 1.3856406460551018, "a2": 0.7302967433402215, "a3": 4.632791925441102}, "params_min": {"a1": 1.3856406460551018, "a2": 0.7302967433402215, "a3": 4.632791925441101}}