{"params": {"a1": 0.4618802153517006, "a2": 1.8257418583505536, "a3": 3.3086818354567074}, "params_max": {"a1": 0.4618802153517006, "a2": 1.8257418583505536, "a3": 3.3086818354567074}, "params_min": {"a1": 0.4618802153517006, "a2": 1.8257418583505536, "a3": 3.308681835456707}}