{"params": {"a1": 2.309401076758503, "a2": 1.0954451150103324, "a3": 6.788496953264168}, "params_max": {"a1": 2.309401076758503, "a2": 1.0954451150103324, "a3": 6.788496953264168}, "params_min": {"a1": 2.309401076758503, "a2": 1.0954451150103324, "a3": 6.7884969532641675}}