{"params": {"a1": 1.3856406460551018, "a2": 3.286335345030997, "a3": 2.6614995632774745}, "params_max": {"a1": 1.3856406460551018, "a2": 3.286335345030997, "a3": 2.661499563277475}, "params_min": {"a1": 1.3856406460551018, "a2": 3.286335345030997, "a3": 2.6614995632774745}}