{"params": {"a1": 0.2309401076758503, "a2": 2.5560386016907755, "a3": 2.303317352577457}, "params_max": {"a1": 0.2309401076758503, "a2": 2.5560386016907755, "a3": 2.303317352577457}, "params_min": {"a1": 0.2309401076758503, "a2": 2.5560386016907755, "a3": 2.3033173525774564}}