{"params": {"a1": 2.309401076758503, "a2": 2.5560386016907755, "a3": 7.267439292887746}, "params_max": {"a1": 2.309401076758503, "a2": 2.5560386016907755, "a3": 7.2674392928877465}, "params_min": {"a1": 2.309401076758503, "a2": 2.5560386016907755, "a3": 7.267439292887746}}