{"params": {"a1": 0.4618802153517006, "a2": 0.7302967433402215, "a3": 2.721831650980124}, "params_max": {"a1": 0.4618802153517006, "a2": 0.7302967433402215, "a3": 2.7218316509801244}, "params_min": {"a1": 0.4618802153517006, "a2": 0.7302967433402215, "a3": 2.721831650980124}}