{"params": {"a1": 2.0784609690826525, "a2": 0.7302967433402215, "a3": 6.583052950517207}, "params_max": {"a1": 2.0784609690826525, "a2": 0.7302967433402215, "a3": 6.583052950517207}, "params_min": {"a1": 2.0784609690826525, "a2": 0.7302967433402215, "a3": 6.583052950517206}}