{"params": {"a1": 0.6928203230275509, "a2": 2.5560386016907755, "a3": 2.627379926770346}, "params_max": {"a1": 0.6928203230275509, "a2": 2.5560386016907755, "a3": 2.627379926770346}, "params_min": {"a1": 0.6928203230275509, "a2": 2.5560386016907755, "a3": 2.6273799267703457}}