{"params": {"a1": 0.0, "a2": 1.8257418583505536, "a3": 1.788854381999832}, "params_max": {"a1": 0.0, "a2": 1.8257418583505536, "a3": 1.7888543819998322}, "params_min": {"a1": 0.0, "a2": 1.8257418583505536, "a3": 1.788854381999832}}