{"params": {"a1": 0.6928203230275509, "a2": 0.0, "a3": 3.11673800302973}, "params_max": {"a1": 0.6928203230275509, "a2": 0.0, "a3": 3.1167380030297305}, "params_min": {"a1": 0.6928203230275509, "a2": 0.0, "a3": 3.11673800302973}}