{"params": {"a1": 0.9237604307034012, "a2": 2.921186973360886, "a3": 2.0759134535590364}, "params_max": {"a1": 0.9237604307034012, "a2": 2.921186973360886, "a3": 2.0759134535590364}, "params_min": {"a1": 0.9237604307034012, "a2": 2.921186973360886, "a3": 2.075913453559036}}