{"params": {"a1": 2.309401076758503, "a2": 2.921186973360886, "a3": 6.933475771101735}, "params_max": {"a1": 2.309401076758503, "a2": 2.921186973360886, "a3": 6.933475771101735}, "params_min": {"a1": 2.309401076758503, "a2": 2.921186973360886, "a3": 6.933475771101734}}