{"params": {"a1": 2.0784609690826525, "a2": 2.5560386016907755, "a3": 6.6802667289904605}, "params_max": {"a1": 2.0784609690826525, "a2": 2.5560386016907755, "a3": 6.680266728990461}, "params_min": {"a1": 2.0784609690826525, "a2": 2.5560386016907755, "a3": 6.6802667289904605}}