{"params": {"a1": 1.1547005383792517, "a2": 2.5560386016907755, "a3": 3.361963362671303}, "params_max": {"a1": 1.1547005383792517, "a2": 2.5560386016907755, "a3": 3.3619633626713035}, "params_min": {"a1": 1.1547005383792517, "a2": 2.5560386016907755, "a3": 3.361963362671303}}