{"params": {"a1": 1.616580753730952, "a2": 1.8257418583505536, "a3": 5.373552564413663}, "params_max": {"a1": 1.616580753730952, "a2": 1.8257418583505536, "a3": 5.3735525644136635}, "params_min": {"a1": 1.616580753730952, "a2": 1.8257418583505536, "a3": 5.373552564413663}}