{"params": {"a1": 0.2309401076758503, "a2": 1.8257418583505536, "a3": 2.243055689929477}, "params_max": {"a1": 0.2309401076758503, "a2": 1.8257418583505536, "a3": 2.243055689929477}, "params_min": {"a1": 0.2309401076758503, "a2": 1.8257418583505536, "a3": 2.2430556899294767}}