{"params": {"a1": 1.616580753730952, "a2": 0.3651483716701107, "a3": 5.0311665971462425}, "params_max": {"a1": 1.616580753730952, "a2": 0.3651483716701107, "a3": 5.031166597146243}, "params_min": {"a1": 1.616580753730952, "a2": 0.3651483716701107, "a3": 5.0311665971462425}}