{"params": {"a1": 2.0784609690826525, "a2": 1.460593486680443, "a3": 6.317328768450743}, "params_max": {"a1": 2.0784609690826525, "a2": 1.460593486680443, "a3": 6.317328768450744}, "params_min": {"a1": 2.0784609690826525, "a2": 1.460593486680443, "a3": 6.317328768450743}}