{"params": {"a1": 0.9237604307034012, "a2": 0.7302967433402215, "a3": 3.6860455757618356}, "params_max": {"a1": 0.9237604307034012, "a2": 0.7302967433402215, "a3": 3.6860455757618356}, "params_min": {"a1": 0.9237604307034012, "a2": 0.7302967433402215, "a3": 3.686045575761835}}