{"params": {"a1": 1.616580753730952, "a2": 3.286335345030997, "a3": 3.573341443744125}, "params_max": {"a1": 1.616580753730952, "a2": 3.286335345030997, "a3": 3.573341443744125}, "params_min": {"a1": 1.616580753730952, "a2": 3.286335345030997, "a3": 3.5733414437441247}}