{"params": {"a1": 0.2309401076758503, "a2": 2.921186973360886, "a3": 1.2560924887706073}, "params_max": {"a1": 0.2309401076758503, "a2": 2.921186973360886, "a3": 1.256092488770607}, "params_min": {"a1": 0.2309401076758503, "a2": 2.921186973360886, "a3": 1.2560924887706073}}