{"params": {"a1": 0.2309401076758503, "a2": 1.460593486680443, "a3": 3.5507294720076183}, "params_max": {"a1": 0.2309401076758503, "a2": 1.460593486680443, "a3": 3.550729472007619}, "params_min": {"a1": 0.2309401076758503, "a2": 1.460593486680443, "a3": 3.5507294720076183}}