{"params": {"a1": 0.4618802153517006, "a2": 0.0, "a3": 2.8509866713122323}, "params_max": {"a1": 0.4618802153517006, "a2": 0.0, "a3": 2.8509866713122323}, "params_min": {"a1": 0.4618802153517006, "a2": 0.0, "a3": 2.850986671312232}}