{"params": {"a1": 1.8475208614068024, "a2": 1.0954451150103324, "a3": 5.378666606688446}, "params_max": {"a1": 1.8475208614068024, "a2": 1.0954451150103324, "a3": 5.378666606688447}, "params_min": {"a1": 1.8475208614068024, "a2": 1.0954451150103324, "a3": 5.378666606688446}}