{"params": {"a1": 2.0784609690826525, "a2": 0.0, "a3": 5.590224535252828}, "params_max": {"a1": 2.0784609690826525, "a2": 0.0, "a3": 5.590224535252829}, "params_min": {"a1": 2.0784609690826525, "a2": 0.0, "a3": 5.590224535252828}}