{"params": {"a1": 0.4618802153517006, "a2": 2.921186973360886, "a3": 1.5097817638486006}, "params_max": {"a1": 0.4618802153517006, "a2": 2.921186973360886, "a3": 1.5097817638486009}, "params_min": {"a1": 0.4618802153517006, "a2": 2.921186973360886, "a3": 1.5097817638486006}}